_id,nconst,primaryName,birthYear,deathYear,primaryProfession,knownForTitles
617082fa2299cb9f2c2717ac,nm0000001,Fred Astaire,1899,1987,"soundtrack,actor,miscellaneous","tt0050419,tt0072308,tt0031983,tt0053137"
617082fa2299cb9f2c2717ad,nm0000005,Ingmar Bergman,1918,2007,"writer,director,actor","tt0083922,tt0069467,tt0050986,tt0050976"
617082fa2299cb9f2c2717ae,nm0000006,Ingrid Bergman,1915,1982,"actress,soundtrack,producer","tt0034583,tt0038787,tt0038109,tt0036855"
617082fa2299cb9f2c2717af,nm0000007,Humphrey Bogart,1899,1957,"actor,soundtrack,producer","tt0043265,tt0037382,tt0042593,tt0034583"
617082fa2299cb9f2c2717b0,nm0000008,Marlon Brando,1924,2004,"actor,soundtrack,director","tt0047296,tt0068646,tt0070849,tt0078788"
617082fa2299cb9f2c2717b1,nm0000009,Richard Burton,1925,1984,"actor,soundtrack,producer","tt0059749,tt0061184,tt0087803,tt0057877"
617082fa2299cb9f2c2717b2,nm0000010,James Cagney,1899,1986,"actor,soundtrack,director","tt0042041,tt0035575,tt0031867,tt0029870"
617082fa2299cb9f2c2717b3,nm0000011,Gary Cooper,1901,1961,"actor,soundtrack,stunts","tt0035896,tt0044706,tt0027996,tt0034167"
617082fa2299cb9f2c2717b4,nm0000012,Bette Davis,1908,1989,"actress,soundtrack,make_up_department","tt0056687,tt0035140,tt0031210,tt0042192"
617082fa2299cb9f2c2717b5,nm0000004,John Belushi,1949,1982,"actor,soundtrack,writer","tt0078723,tt0080455,tt0072562,tt0077975"
617082fa2299cb9f2c2717b6,nm0000013,Doris Day,1922,2019,"soundtrack,actress,producer","tt0045591,tt0053172,tt0049470,tt0048317"
617082fa2299cb9f2c2717b7,nm0000003,Brigitte Bardot,1934,\N,"actress,soundtrack,music_department","tt0049189,tt0054452,tt0056404,tt0057345"
617082fa2299cb9f2c2717b8,nm0000016,Georges Delerue,1925,1992,"composer,soundtrack,music_department","tt0096320,tt0069946,tt0091763,tt8847712"
617082fa2299cb9f2c2717b9,nm0000015,James Dean,1931,1955,"actor,miscellaneous","tt0043228,tt0048028,tt0048545,tt0049261"
617082fa2299cb9f2c2717ba,nm0000017,Marlene Dietrich,1901,1992,"soundtrack,actress,music_department","tt0021156,tt0051201,tt0055031,tt0052311"
617082fa2299cb9f2c2717bb,nm0000018,Kirk Douglas,1916,2020,"actor,producer,soundtrack","tt0050825,tt0054331,tt0080736,tt0049456"
617082fa2299cb9f2c2717bc,nm0000019,Federico Fellini,1920,1993,"writer,director,actor","tt0071129,tt0056801,tt0050783,tt0053779"
617082fa2299cb9f2c2717bd,nm0000020,Henry Fonda,1905,1982,"actor,producer,soundtrack","tt0051207,tt0032551,tt0082846,tt0050083"
617082fa2299cb9f2c2717be,nm0000021,Joan Fontaine,1917,2013,"actress,soundtrack,producer","tt0036969,tt0035751,tt0034248,tt0032976"
617082fa2299cb9f2c2717bf,nm0000022,Clark Gable,1901,1960,"actor,soundtrack,producer","tt0031381,tt0026752,tt0023382,tt0025316"
617082fa2299cb9f2c2717c0,nm0000023,Judy Garland,1922,1969,"soundtrack,actress","tt0032138,tt0047522,tt0055031,tt0037059"
617082fa2299cb9f2c2717c1,nm0000024,John Gielgud,1904,2000,"actor,writer,director","tt0082031,tt0117631,tt0071877,tt0045943"
617082fa2299cb9f2c2717c2,nm0000025,Jerry Goldsmith,1929,2004,"music_department,soundtrack,composer","tt0117731,tt0119488,tt0112715,tt0077269"
617082fa2299cb9f2c2717c3,nm0000014,Olivia de Havilland,1916,2020,"actress,soundtrack","tt0029843,tt0040806,tt0041452,tt0031381"
617082fa2299cb9f2c2717c4,nm0000031,Katharine Hepburn,1907,2003,"actress,soundtrack,writer","tt0043265,tt0032904,tt0082846,tt0063227"
617082fa2299cb9f2c2717c5,nm0000032,Charlton Heston,1923,2008,"actor,director,soundtrack","tt0049833,tt0052618,tt0067525,tt0063442"
617082fa2299cb9f2c2717c6,nm0000029,Margaux Hemingway,1954,1996,"actress,miscellaneous","tt0110138,tt0077800,tt0074802,tt0102122"
617082fa2299cb9f2c2717c7,nm0000034,William Holden,1918,1981,"actor,soundtrack,miscellaneous","tt0043014,tt0046359,tt0074958,tt0047437"
617082fa2299cb9f2c2717c8,nm0000035,James Horner,1953,2015,"music_department,soundtrack,composer","tt0120746,tt0120338,tt0177971,tt0499549"
617082fa2299cb9f2c2717c9,nm0000033,Alfred Hitchcock,1899,1980,"director,producer,writer","tt0056869,tt0054215,tt0052357,tt0053125"
617082fa2299cb9f2c2717ca,nm0000036,Buster Keaton,1895,1966,"actor,writer,director","tt0017925,tt0015163,tt0015324,tt0016332"
617082fa2299cb9f2c2717cb,nm0000038,Grace Kelly,1929,1982,"actress,soundtrack,producer","tt0047396,tt0048728,tt0046912,tt0046874"
617082fa2299cb9f2c2717cc,nm0000026,Cary Grant,1904,1986,"actor,soundtrack,producer","tt0048728,tt0056923,tt0034248,tt0053125"
617082fa2299cb9f2c2717cd,nm0000030,Audrey Hepburn,1929,1993,"actress,soundtrack","tt0056923,tt0054698,tt0058385,tt0046250"
617082fa2299cb9f2c2717ce,nm0000027,Alec Guinness,1914,2000,"actor,soundtrack,writer","tt0050212,tt0051739,tt0041546,tt0076759"
617082fa2299cb9f2c2717cf,nm0000028,Rita Hayworth,1918,1987,"actress,soundtrack,producer","tt0035103,tt0038559,tt0040525,tt0036723"
617082fa2299cb9f2c2717d0,nm0000037,Gene Kelly,1912,1996,"soundtrack,actor,miscellaneous","tt0045152,tt0043278,tt0041716,tt0053946"
617082fa2299cb9f2c2717d1,nm0000039,Deborah Kerr,1921,2007,"actress,soundtrack","tt0049408,tt0045793,tt0050105,tt0039192"
617082fa2299cb9f2c2717d2,nm0000040,Stanley Kubrick,1928,1999,"director,writer,producer","tt0072684,tt0093058,tt0062622,tt0066921"
617082fa2299cb9f2c2717d3,nm0000043,Veronica Lake,1922,1973,"actress,soundtrack,producer","tt0035432,tt0034881,tt0034240,tt0038369"
617082fa2299cb9f2c2717d4,nm0000002,Lauren Bacall,1924,2014,"actress,soundtrack","tt0075213,tt0037382,tt0038355,tt0117057"
617082fa2299cb9f2c2717d5,nm0000047,Sophia Loren,1934,\N,"actress,soundtrack","tt0054749,tt0076085,tt0060121,tt0058335"
617082fa2299cb9f2c2717d6,nm0000048,Peter Lorre,1904,1964,"actor,soundtrack,writer","tt0022100,tt0033870,tt0036613,tt0034583"
617082fa2299cb9f2c2717d7,nm0000049,Henry Mancini,1924,1994,"music_department,soundtrack,composer","tt0054698,tt0057413,tt0085101,tt0383216"
617082fa2299cb9f2c2717d8,nm0000052,Marcello Mastroianni,1924,1996,"actor,producer,soundtrack","tt0053779,tt0076085,tt0058335,tt0056801"
617082fa2299cb9f2c2717d9,nm0000050,Groucho Marx,1890,1977,"soundtrack,actor,writer","tt0028772,tt0026778,tt0023969,tt0023027"
617082fa2299cb9f2c2717da,nm0000051,James Mason,1909,1984,"actor,producer,writer","tt0084855,tt0056193,tt0053125,tt0047522"
617082fa2299cb9f2c2717db,nm0000053,Robert Mitchum,1917,1997,"actor,soundtrack,producer","tt0039689,tt0050356,tt0056197,tt0048424"
617082fa2299cb9f2c2717dc,nm0000054,Marilyn Monroe,1926,1962,"soundtrack,actress,writer","tt0053291,tt0045891,tt0048605,tt0045810"
617082fa2299cb9f2c2717dd,nm0000056,Paul Newman,1925,2008,"actor,producer,director","tt0257044,tt0110684,tt0084855,tt0054997"
617082fa2299cb9f2c2717de,nm0000055,Alfred Newman,1900,1970,"music_department,composer,soundtrack","tt0042192,tt0434409,tt0049408,tt0065377"
617082fa2299cb9f2c2717df,nm0000044,Burt Lancaster,1913,1994,"actor,producer,soundtrack","tt0045793,tt0051036,tt0057091,tt0085859"
617082fa2299cb9f2c2717e0,nm0000045,Bruce Lee,1940,1973,"actor,writer,miscellaneous","tt0067824,tt0068767,tt0068935,tt0070034"
617082fa2299cb9f2c2717e1,nm0000061,Tyrone Power,1914,1958,"actor,soundtrack,producer","tt0043959,tt0051201,tt0034405,tt0042256"
617082fa2299cb9f2c2717e2,nm0000060,Gregory Peck,1916,2003,"actor,producer,soundtrack","tt0046250,tt0077269,tt0038109,tt0056592"
617082fa2299cb9f2c2717e3,nm0000062,Elvis Presley,1935,1977,"music_artist,soundtrack,actor","tt0056023,tt0054692,tt0056585,tt0058725"
617082fa2299cb9f2c2717e4,nm0000063,Anthony Quinn,1915,2001,"actor,producer,soundtrack","tt0057831,tt0049456,tt0064952,tt0056172"
617082fa2299cb9f2c2717e5,nm0000064,Edward G. Robinson,1893,1973,"actor,soundtrack,writer","tt0038057,tt0038991,tt0036775,tt0040506"
617082fa2299cb9f2c2717e6,nm0000046,Vivien Leigh,1913,1967,"actress,soundtrack,writer","tt0044081,tt0034272,tt0031381,tt0033238"
617082fa2299cb9f2c2717e7,nm0000041,Akira Kurosawa,1910,1998,"writer,director,assistant_director","tt0051808,tt0080979,tt0089881,tt0047478"
617082fa2299cb9f2c2717e8,nm0000059,Laurence Olivier,1907,1989,"actor,producer,director","tt0032976,tt0069281,tt0074860,tt0077269"
617082fa2299cb9f2c2717e9,nm0000042,Alan Ladd,1913,1964,"actor,producer,camera_department","tt0039056,tt0038369,tt0035432,tt0046303"
617082fa2299cb9f2c2717ea,nm0000057,David Niven,1910,1983,"actor,producer,soundtrack","tt0052182,tt0048960,tt0074937,tt0057413"
617082fa2299cb9f2c2717eb,nm0000058,Maureen O'Hara,1920,2015,"actress,soundtrack","tt0039628,tt0033729,tt0055277,tt0045061"
617082fa2299cb9f2c2717ec,nm0000065,Nino Rota,1911,1979,"composer,soundtrack,music_department","tt0071562,tt0068646,tt0063518,tt0056801"
617082fa2299cb9f2c2717ed,nm0000066,Jane Russell,1921,2011,"actress,soundtrack,producer","tt0044863,tt0043643,tt0045810,tt0043476"
617082fa2299cb9f2c2717ee,nm0000067,Miklós Rózsa,1907,1995,"music_department,composer,soundtrack","tt0036775,tt0038109,tt0052618,tt0054847"
617082fa2299cb9f2c2717ef,nm0000068,Randolph Scott,1898,1987,"actor,producer,soundtrack","tt0026942,tt0046375,tt0029284,tt0056412"
617082fa2299cb9f2c2717f0,nm0000069,Frank Sinatra,1915,1998,"music_artist,soundtrack,actor","tt0048347,tt0045793,tt0052218,tt0056218"
617082fa2299cb9f2c2717f1,nm0000070,Max Steiner,1888,1971,"music_department,composer,soundtrack","tt0040897,tt0036613,tt0034583,tt0031381"
617082fa2299cb9f2c2717f2,nm0000071,James Stewart,1908,1997,"actor,soundtrack,director","tt0038650,tt0032904,tt0052357,tt0052561"
617082fa2299cb9f2c2717f3,nm0000072,Elizabeth Taylor,1932,2011,"actress,soundtrack,producer","tt0053318,tt0051459,tt0061407,tt0061184"
617082fa2299cb9f2c2717f4,nm0000073,Shirley Temple,1928,2014,"actress,soundtrack,writer","tt0030657,tt0031580,tt0024914,tt0016029"
617082fa2299cb9f2c2717f5,nm0000081,Natalie Wood,1938,1981,"actress,soundtrack,music_department","tt0048545,tt0055471,tt0057263,tt0055614"
617082fa2299cb9f2c2717f6,nm0000082,Victor Young,1899,1956,"music_department,soundtrack,composer","tt0048960,tt3315342,tt0119094,tt0045061"
617082fa2299cb9f2c2717f7,nm0000083,Alan Miller,\N,\N,"editor,writer,director","tt19064180,tt0424773,tt0969216,tt27504185"
617082fa2299cb9f2c2717f8,nm0000084,Gong Li,1965,\N,"actress,producer,miscellaneous","tt4566758,tt0101640,tt0397535,tt0473444"
617082fa2299cb9f2c2717f9,nm0000085,Henner Hofmann,1950,\N,"cinematographer,producer,camera_department","tt0113482,tt1825758,tt0097523,tt0097738"
617082fa2299cb9f2c2717fa,nm0000086,Louis de Funès,1914,1983,"actor,writer,director","tt0074103,tt0069747,tt0064425,tt0079200"
617082fa2299cb9f2c2717fb,nm0000087,Elena Koreneva,1953,\N,"actress,casting_director,soundtrack","tt0123138,tt7529350,tt5847740,tt0122969"
617082fa2299cb9f2c2717fc,nm0000088,Aleksey Korenev,1927,1995,"director,writer,assistant_director","tt0191104,tt0068304,tt0100069,tt0063752"
617082fa2299cb9f2c2717fd,nm0000089,Richard Paul,1940,1998,"actor,soundtrack","tt0117318,tt0075489,tt0088529,tt0076009"
617082fa2299cb9f2c2717fe,nm0000090,Armin Mueller-Stahl,1930,\N,"actor,director,writer","tt0963178,tt0139809,tt0765443,tt0117631"
617082fa2299cb9f2c2717ff,nm0000091,Gérard Pirès,1942,\N,"director,writer,actor","tt0421974,tt0064297,tt0152930,tt0282552"
617082fa2299cb9f2c271800,nm0000092,John Cleese,1939,\N,"actor,writer,producer","tt0085959,tt0095159,tt0071853,tt0063929"
617082fa2299cb9f2c271801,nm0000093,Brad Pitt,1963,\N,"producer,actor,soundtrack","tt0356910,tt0114746,tt0137523,tt1210166"
617082fa2299cb9f2c271802,nm0000094,J. Reifel,\N,\N,writer,"tt0118886,tt0118631,tt0117915,tt0116030"
617082fa2299cb9f2c271803,nm0000095,Woody Allen,1935,\N,"writer,director,actor","tt0075686,tt0118954,tt0079522,tt0091167"
617082fa2299cb9f2c271804,nm0000096,Gillian Anderson,1968,\N,"actress,producer,soundtrack","tt2294189,tt0455590,tt0106179,tt0442632"
617082fa2299cb9f2c271805,nm0000097,Pamela Anderson,1967,\N,"actress,producer,director","tt0893509,tt0306047,tt0115624,tt0426592"
617082fa2299cb9f2c271806,nm0000098,Jennifer Aniston,1969,\N,"actress,producer,soundtrack","tt3442006,tt1723121,tt0279113,tt0108778"
617082fa2299cb9f2c271807,nm0000074,Gene Tierney,1920,1991,"actress,soundtrack","tt0035979,tt0039420,tt0037008,tt0037865"
617082fa2299cb9f2c271808,nm0000075,Spencer Tracy,1900,1967,"actor,soundtrack","tt0061735,tt0055031,tt0047849,tt0053946"
617082fa2299cb9f2c271809,nm0000076,François Truffaut,1932,1984,"writer,director,producer","tt0053198,tt0075860,tt0070460,tt0055032"
617082fa2299cb9f2c27180a,nm0000077,Franz Waxman,1906,1967,"music_department,composer,soundtrack","tt0026138,tt0043014,tt0034248,tt0032976"
617082fa2299cb9f2c27180b,nm0000078,John Wayne,1907,1979,"actor,producer,soundtrack","tt0053580,tt0056217,tt0075213,tt0065126"
617082fa2299cb9f2c27180c,nm0000079,Raquel Welch,1940,2023,"actress,soundtrack,producer","tt0066115,tt0072281,tt0068675,tt0061653"
617082fa2299cb9f2c27180d,nm0000080,Orson Welles,1915,1985,"actor,writer,director","tt0040525,tt0052311,tt0033467,tt0057427"
617082fa2299cb9f2c27180e,nm0000099,Patricia Arquette,1968,\N,"actress,producer,director","tt0108399,tt0145531,tt0412175,tt1065073"
617082fa2299cb9f2c27180f,nm0000100,Rowan Atkinson,1955,\N,"actor,writer,soundtrack","tt1634122,tt0274166,tt0118689,tt0110357"
617082fa2299cb9f2c271810,nm0000101,Dan Aykroyd,1952,\N,"writer,actor,producer","tt0102558,tt0080455,tt0118747,tt0087332"
617082fa2299cb9f2c271811,nm0000102,Kevin Bacon,1958,\N,"actor,producer,soundtrack","tt0087277,tt0327056,tt0164052,tt0361127"
617082fa2299cb9f2c271812,nm0000103,Fairuza Balk,1974,\N,"actress,soundtrack","tt0089908,tt0181875,tt0120586,tt0115963"
617082fa2299cb9f2c271813,nm0000104,Antonio Banderas,1960,\N,"actor,soundtrack,producer","tt0120746,tt0120657,tt0112851,tt1189073"
617082fa2299cb9f2c271814,nm0000105,Adrienne Barbeau,1945,\N,"actress,soundtrack","tt0082340,tt0083767,tt0080749,tt0090685"
617082fa2299cb9f2c271815,nm0000106,Drew Barrymore,1975,\N,"producer,actress,soundtrack","tt0151738,tt0343660,tt0120631,tt0160127"
617082fa2299cb9f2c271816,nm0000107,Kim Basinger,1953,\N,"actress,soundtrack,producer","tt0108525,tt0337921,tt0096895,tt0119488"
617082fa2299cb9f2c271817,nm0000115,Nicolas Cage,1964,\N,"actor,producer,soundtrack","tt0119094,tt0435705,tt0113627,tt0117500"
617082fa2299cb9f2c271818,nm0000116,James Cameron,1954,\N,"writer,producer,director","tt0499549,tt0120338,tt0090605,tt1630029"
617082fa2299cb9f2c271819,nm0000117,Neve Campbell,1973,\N,"actress,producer,soundtrack","tt0120082,tt0117571,tt0120890,tt0134084"
617082fa2299cb9f2c27181a,nm0000118,John Carpenter,1948,\N,"soundtrack,music_department,writer","tt0082340,tt0069945,tt0077651,tt0080749"
617082fa2299cb9f2c27181b,nm0000119,Tia Carrere,\N,\N,"actress,soundtrack,producer","tt0275847,tt0207919,tt0105793,tt0111503"
617082fa2299cb9f2c27181c,nm0000120,Jim Carrey,1962,\N,"actor,writer,soundtrack","tt0338013,tt0315327,tt0109040,tt0110475"
617082fa2299cb9f2c27181d,nm0000121,Phoebe Cates,1963,\N,"actress,soundtrack","tt0083929,tt0101775,tt0086143,tt0087363"
617082fa2299cb9f2c27181e,nm0000122,Charles Chaplin,1889,1977,"soundtrack,writer,actor","tt0021749,tt0032553,tt0027977,tt0044837"
617082fa2299cb9f2c27181f,nm0000123,George Clooney,1961,\N,"actor,producer,director","tt1193138,tt0465538,tt1124035,tt0433383"
617082fa2299cb9f2c271820,nm0000124,Jennifer Connelly,1970,\N,"actress,producer","tt0180093,tt0268978,tt0286716,tt0315983"
617082fa2299cb9f2c271821,nm0000125,Sean Connery,1930,2020,"actor,producer,soundtrack","tt0091605,tt0117500,tt0055928,tt0094226"
617082fa2299cb9f2c271822,nm0000126,Kevin Costner,1955,\N,"actor,producer,soundtrack","tt0099348,tt0102798,tt0119925,tt0103855"
617082fa2299cb9f2c271823,nm0000127,Wes Craven,1939,2015,"writer,producer,director","tt0105121,tt0111686,tt0117571,tt0087800"
617082fa2299cb9f2c271824,nm0000128,Russell Crowe,1964,\N,"actor,soundtrack,producer","tt0119488,tt0268978,tt1707386,tt0172495"
617082fa2299cb9f2c271825,nm0000129,Tom Cruise,1962,\N,"actor,producer,soundtrack","tt0325710,tt0120755,tt0092099,tt0116695"
617082fa2299cb9f2c271826,nm0000130,Jamie Lee Curtis,1958,\N,"actress,producer,director","tt6710474,tt0111503,tt0120694,tt1502407"
617082fa2299cb9f2c271827,nm0000131,John Cusack,1966,\N,"actor,producer,writer","tt0450385,tt0098258,tt0119229,tt0146882"
617082fa2299cb9f2c271828,nm0000132,Claire Danes,1979,\N,"actress,producer,soundtrack","tt0274558,tt0117509,tt0108872,tt1796960"
617082fa2299cb9f2c271829,nm0000108,Luc Besson,1959,\N,"writer,producer,director","tt0100263,tt2872732,tt0119116,tt0110413"
617082fa2299cb9f2c27182a,nm0000109,Yasmine Bleeth,1968,\N,actress,"tt0096542,tt0115285,tt0131857,tt0337851"
617082fa2299cb9f2c27182b,nm0000110,Kenneth Branagh,1960,\N,"actor,producer,director","tt0107616,tt3402236,tt0116477,tt0097499"
617082fa2299cb9f2c27182c,nm0000111,Matthew Broderick,1962,\N,"actor,soundtrack,director","tt0091042,tt0115798,tt0395251,tt0086567"
617082fa2299cb9f2c27182d,nm0000112,Pierce Brosnan,1953,\N,"actor,producer,soundtrack","tt0120347,tt0143145,tt0795421,tt0155267"
617082fa2299cb9f2c27182e,nm0000113,Sandra Bullock,1964,\N,"producer,actress,soundtrack","tt0212346,tt1454468,tt0111257,tt1041829"
617082fa2299cb9f2c27182f,nm0000114,Steve Buscemi,1957,\N,"actor,director,producer","tt0105236,tt4686844,tt0162346,tt0116282"
617082fa2299cb9f2c271830,nm0000133,Geena Davis,1956,\N,"actress,producer,soundtrack","tt0103074,tt0104694,tt0116908,tt0091064"
617082fa2299cb9f2c271831,nm0000134,Robert De Niro,1943,\N,"actor,producer,soundtrack","tt0081398,tt0101540,tt0075314,tt0070379"
617082fa2299cb9f2c271832,nm0000135,John Denver,1943,1997,"music_artist,soundtrack,music_department","tt0120591,tt0299328,tt0076489,tt4649466"
617082fa2299cb9f2c271833,nm0000136,Johnny Depp,1963,\N,"actor,producer,soundtrack","tt0367594,tt0325980,tt0449088,tt0408236"
617082fa2299cb9f2c271834,nm0000137,Bo Derek,1956,\N,"actress,producer,camera_department","tt0083170,tt0086987,tt0099656,tt0114694"
617082fa2299cb9f2c271835,nm0000138,Leonardo DiCaprio,1974,\N,"producer,actor,soundtrack","tt0407887,tt0120338,tt0993846,tt1375666"
617082fa2299cb9f2c271836,nm0000139,Cameron Diaz,1972,\N,"actress,producer,soundtrack","tt0160127,tt0129387,tt0259711,tt0119738"
617082fa2299cb9f2c271837,nm0000140,Michael Douglas,1944,\N,"actor,producer,soundtrack","tt1291580,tt0088011,tt0093010,tt0094291"
617082fa2299cb9f2c271838,nm0000141,David Duchovny,1960,\N,"actor,producer,director","tt0106179,tt0251075,tt0904208,tt0120902"
617082fa2299cb9f2c271839,nm0000149,Jodie Foster,1962,\N,"actress,director,producer","tt0094608,tt0102926,tt0476964,tt0075314"
617082fa2299cb9f2c27183a,nm0000150,Michael J. Fox,1961,\N,"actor,producer,miscellaneous","tt0088763,tt0116365,tt0115369,tt0096874"
617082fa2299cb9f2c27183b,nm0000151,Morgan Freeman,1937,\N,"actor,producer,soundtrack","tt0114369,tt0468569,tt0097239,tt0405159"
617082fa2299cb9f2c27183c,nm0000152,Richard Gere,1949,\N,"actor,soundtrack,producer","tt0084434,tt0100405,tt0119395,tt0299658"
617082fa2299cb9f2c27183d,nm0000153,Gina Gershon,1962,\N,"actress,soundtrack,producer","tt0114436,tt0115736,tt0431308,tt1726669"
617082fa2299cb9f2c27183e,nm0000154,Mel Gibson,1956,\N,"actor,producer,director","tt0104714,tt0118883,tt0117438,tt0112573"
617082fa2299cb9f2c27183f,nm0000155,Whoopi Goldberg,1955,\N,"actress,producer,writer","tt0099653,tt0105417,tt0088939,tt0108147"
617082fa2299cb9f2c271840,nm0000156,Jeff Goldblum,1952,\N,"actor,soundtrack,producer","tt0107290,tt2278388,tt0116629,tt0091064"
617082fa2299cb9f2c271841,nm0000157,Linda Hamilton,1956,\N,"actress,soundtrack","tt0103064,tt0118928,tt0088247,tt6450804"
617082fa2299cb9f2c271842,nm0000158,Tom Hanks,1956,\N,"producer,actor,soundtrack","tt0094737,tt0162222,tt0109830,tt1535109"
617082fa2299cb9f2c271843,nm0000159,Teri Hatcher,1964,\N,"actress,soundtrack,writer","tt0120347,tt0227538,tt0410975,tt0327597"
617082fa2299cb9f2c271844,nm0000160,Ethan Hawke,1970,\N,"actor,producer,writer","tt0139654,tt0381681,tt0112471,tt2209418"
617082fa2299cb9f2c271845,nm0000161,Salma Hayek,1966,\N,"actress,producer,soundtrack","tt0120891,tt0120679,tt0112851,tt1615065"
617082fa2299cb9f2c271846,nm0000162,Anne Heche,1969,2022,"actress,producer,writer","tt0120885,tt0119008,tt0120828,tt0120461"
617082fa2299cb9f2c271847,nm0000163,Dustin Hoffman,1937,\N,"actor,soundtrack,producer","tt0064665,tt0079417,tt0084805,tt0095953"
617082fa2299cb9f2c271848,nm0000164,Anthony Hopkins,1937,\N,"actor,soundtrack,composer","tt0412080,tt0975645,tt0102926,tt0113987"
617082fa2299cb9f2c271849,nm0000165,Ron Howard,1954,\N,"producer,actor,writer","tt0268978,tt0075213,tt0367279,tt0112384"
617082fa2299cb9f2c27184a,nm0000166,Helen Hunt,1963,\N,"actress,producer,director","tt0119822,tt0117998,tt0103484,tt0455805"
617082fa2299cb9f2c27184b,nm0000142,Clint Eastwood,1930,\N,"actor,producer,director","tt0105695,tt0112579,tt0405159,tt1205489"
617082fa2299cb9f2c27184c,nm0000143,Erika Eleniak,1969,\N,actress,"tt0083866,tt0106400,tt0094761,tt0105690"
617082fa2299cb9f2c27184d,nm0000144,Cary Elwes,1962,\N,"actor,producer,soundtrack","tt0387564,tt0093779,tt0119468,tt0107977"
617082fa2299cb9f2c27184e,nm0000145,Sherilyn Fenn,1965,\N,"actress,soundtrack","tt0100935,tt0098936,tt0106471,tt0105046"
617082fa2299cb9f2c27184f,nm0000146,Ralph Fiennes,1962,\N,"actor,producer,director","tt2278388,tt1372686,tt0387131,tt0108052"
617082fa2299cb9f2c271850,nm0000147,Colin Firth,1960,\N,"actor,producer,soundtrack","tt0243155,tt1315981,tt2802144,tt1504320"
617082fa2299cb9f2c271851,nm0000148,Harrison Ford,1942,\N,"actor,writer,producer","tt0106977,tt0090329,tt0076759,tt0082971"
617082fa2299cb9f2c271852,nm0000167,Elizabeth Hurley,1965,\N,"actress,producer","tt0230030,tt0118655,tt0105104,tt0145660"
617082fa2299cb9f2c271853,nm0000168,Samuel L. Jackson,1948,\N,"actor,producer,soundtrack","tt0110912,tt0417148,tt3460252,tt4154664"
617082fa2299cb9f2c271854,nm0000169,Tommy Lee Jones,1946,\N,"actor,director,soundtrack","tt0477348,tt2398231,tt0106977,tt0443272"
617082fa2299cb9f2c271855,nm0000170,Milla Jovovich,1975,\N,"actress,soundtrack,producer","tt1220198,tt1220634,tt0119116,tt0120804"
617082fa2299cb9f2c271856,nm0000171,Ashley Judd,1968,\N,"actress,producer,director","tt0113277,tt0119468,tt0150377,tt0470705"
617082fa2299cb9f2c271857,nm0000172,Harvey Keitel,1939,\N,"actor,producer,soundtrack","tt2278388,tt0110912,tt0103759,tt0105236"
617082fa2299cb9f2c271858,nm0000173,Nicole Kidman,1967,\N,"actress,producer,soundtrack","tt0935075,tt0274558,tt0159365,tt0203009"
617082fa2299cb9f2c271859,nm0000174,Val Kilmer,1959,\N,"actor,soundtrack,producer","tt0113277,tt0101761,tt0373469,tt0120053"
617082fa2299cb9f2c27185a,nm0000175,Stephen King,1947,\N,"writer,producer,actor","tt0091499,tt0111161,tt0083767,tt0324864"
617082fa2299cb9f2c27185b,nm0000183,Traci Lords,1968,\N,"actress,soundtrack,producer","tt1984153,tt1007028,tt0099329,tt0120611"
617082fa2299cb9f2c27185c,nm0000184,George Lucas,1944,\N,"writer,producer,director","tt0082971,tt0076759,tt0069704,tt0066434"
617082fa2299cb9f2c27185d,nm0000185,Dolph Lundgren,1957,\N,"actor,producer,director","tt0093507,tt0113481,tt0089927,tt0105698"
617082fa2299cb9f2c27185e,nm0000186,David Lynch,1946,\N,"writer,director,producer","tt0460829,tt0166924,tt0105665,tt0098936"
617082fa2299cb9f2c27185f,nm0000187,Madonna,1958,\N,"music_artist,soundtrack,actress","tt0104694,tt0246460,tt0156841,tt0116250"
617082fa2299cb9f2c271860,nm0000188,Steve Martin,1945,\N,"writer,actor,producer","tt0079367,tt0093886,tt0102250,tt0383216"
617082fa2299cb9f2c271861,nm0000189,Jenny McCarthy-Wahlberg,1972,\N,"actress,producer,writer","tt0327643,tt0455967,tt0131857,tt0134084"
617082fa2299cb9f2c271862,nm0000190,Matthew McConaughey,1969,\N,"actor,producer,soundtrack","tt1935179,tt1915581,tt0790636,tt0816692"
617082fa2299cb9f2c271863,nm0000191,Ewan McGregor,1971,\N,"actor,producer,writer","tt0203009,tt0117951,tt2763304,tt1322269"
617082fa2299cb9f2c271864,nm0000192,Alyssa Milano,1972,\N,"actress,producer,soundtrack","tt0086827,tt0088944,tt0116287,tt0158552"
617082fa2299cb9f2c271865,nm0000193,Demi Moore,1962,\N,"actress,producer,soundtrack","tt0119173,tt0099653,tt0107211,tt0305357"
617082fa2299cb9f2c271866,nm0000194,Julianne Moore,1960,\N,"actress,producer,soundtrack","tt0842926,tt0118749,tt3316960,tt0297884"
617082fa2299cb9f2c271867,nm0000195,Bill Murray,1950,\N,"actor,soundtrack,writer","tt0362270,tt0128445,tt1748122,tt0335266"
617082fa2299cb9f2c271868,nm0000196,Mike Myers,1963,\N,"actor,writer,soundtrack","tt0118655,tt0145660,tt0295178,tt0811138"
617082fa2299cb9f2c271869,nm0000197,Jack Nicholson,1937,\N,"actor,soundtrack,producer","tt0073486,tt0071315,tt0407887,tt0119822"
617082fa2299cb9f2c27186a,nm0000198,Gary Oldman,1958,\N,"actor,producer,soundtrack","tt4555426,tt0468569,tt0103874,tt1340800"
617082fa2299cb9f2c27186b,nm0000199,Al Pacino,1940,\N,"actor,director,soundtrack","tt0099422,tt0068646,tt0072890,tt0070666"
617082fa2299cb9f2c27186c,nm0000200,Bill Paxton,1955,2017,"actor,producer,writer","tt0090605,tt0112384,tt0117998,tt0264616"
617082fa2299cb9f2c27186d,nm0000176,Nastassja Kinski,1961,\N,"actress,producer,soundtrack","tt0080009,tt0083722,tt0087884,tt0111400"
617082fa2299cb9f2c27186e,nm0000177,Kevin Kline,1947,\N,"actor,soundtrack,director","tt0095159,tt0106673,tt0113117,tt0120891"
617082fa2299cb9f2c27186f,nm0000178,Diane Lane,1965,\N,"actress,soundtrack","tt2096673,tt0086066,tt0250797,tt0328589"
617082fa2299cb9f2c271870,nm0000179,Jude Law,1972,\N,"actor,producer,soundtrack","tt2278388,tt0376541,tt0134119,tt0346156"
617082fa2299cb9f2c271871,nm0000180,David Lean,1908,1991,"editor,director,writer","tt0056172,tt0059113,tt0038574,tt0050212"
617082fa2299cb9f2c271872,nm0000181,Heather Locklear,1961,\N,"actress,producer,soundtrack","tt0098193,tt0380623,tt0119695,tt0103491"
617082fa2299cb9f2c271873,nm0000182,Jennifer Lopez,1969,\N,"music_artist,producer,actress","tt5503686,tt0252076,tt0120780,tt2126357"
617082fa2299cb9f2c271874,nm0000201,Michelle Pfeiffer,1958,\N,"actress,soundtrack,producer","tt5109784,tt0427327,tt0161081,tt0117247"
617082fa2299cb9f2c271875,nm0000202,Ryan Phillippe,1974,\N,"actor,producer,director","tt0120577,tt0375679,tt0139134,tt0280707"
617082fa2299cb9f2c271876,nm0000203,River Phoenix,1970,1993,"actor,soundtrack","tt0102494,tt0096018,tt0092005,tt0091557"
617082fa2299cb9f2c271877,nm0000204,Natalie Portman,1981,\N,"actress,producer,soundtrack","tt0947798,tt0376541,tt0110413,tt0434409"
617082fa2299cb9f2c271878,nm0000205,Parker Posey,1968,\N,"actress,producer,soundtrack","tt0359013,tt0106677,tt0134084,tt0348150"
617082fa2299cb9f2c271879,nm0000206,Keanu Reeves,1964,\N,"actor,producer,soundtrack","tt0133093,tt0102685,tt0111257,tt0234215"
617082fa2299cb9f2c27187a,nm0000207,Christina Ricci,1980,\N,"actress,producer,soundtrack","tt0118789,tt0112642,tt0100140,tt0811080"
617082fa2299cb9f2c27187b,nm0000208,Molly Ringwald,1968,\N,"actress,soundtrack,music_department","tt0088847,tt0088128,tt0091790,tt0095169"
617082fa2299cb9f2c27187c,nm0000209,Tim Robbins,1958,\N,"actor,producer,director","tt0111161,tt0327056,tt0091225,tt0105151"
617082fa2299cb9f2c27187d,nm0000217,Martin Scorsese,1942,\N,"producer,director,actor","tt0075314,tt0070379,tt5537002,tt0099685"
617082fa2299cb9f2c27187e,nm0000218,Kristin Scott Thomas,1960,\N,"actress,soundtrack,writer","tt0116209,tt0109831,tt0280707,tt1602613"
617082fa2299cb9f2c27187f,nm0000219,Steven Seagal,1952,\N,"actor,producer,writer","tt0094602,tt0110725,tt0105690,tt0114781"
617082fa2299cb9f2c271880,nm0000220,Joan Severance,1958,\N,"actress,producer,miscellaneous","tt0098282,tt0099141,tt0143050,tt0112519"
617082fa2299cb9f2c271881,nm0000221,Charlie Sheen,1965,\N,"actor,producer,soundtrack","tt0094291,tt0369179,tt0108333,tt0107144"
617082fa2299cb9f2c271882,nm0000222,Brooke Shields,1965,\N,"actress,producer,soundtrack","tt0080116,tt0082329,tt0080453,tt0078111"
617082fa2299cb9f2c271883,nm0000223,Elisabeth Shue,1963,\N,"actress,producer,soundtrack","tt0120053,tt0113627,tt0092513,tt0164052"
617082fa2299cb9f2c271884,nm0000224,Alicia Silverstone,1976,\N,"actress,producer,soundtrack","tt0112697,tt0118688,tt0119086,tt0124298"
617082fa2299cb9f2c271885,nm0000225,Christian Slater,1969,\N,"actor,producer,soundtrack","tt0124198,tt0102798,tt0108399,tt0115759"
617082fa2299cb9f2c271886,nm0000226,Will Smith,1968,\N,"producer,actor,soundtrack","tt0116629,tt0098800,tt0119654,tt0480249"
617082fa2299cb9f2c271887,nm0000227,Mira Sorvino,1967,\N,"actress,producer,soundtrack","tt0113819,tt0364343,tt0120032,tt0120008"
617082fa2299cb9f2c271888,nm0000228,Kevin Spacey,1959,\N,"actor,producer,soundtrack","tt0119488,tt0169547,tt0114814,tt0114369"
617082fa2299cb9f2c271889,nm0000229,Steven Spielberg,1946,\N,"producer,writer,director","tt0083866,tt0082971,tt0108052,tt0120815"
617082fa2299cb9f2c27188a,nm0000230,Sylvester Stallone,1946,\N,"actor,producer,writer","tt0075148,tt0084602,tt3076658,tt0089927"
617082fa2299cb9f2c27188b,nm0000231,Oliver Stone,1946,\N,"director,producer,writer","tt0110632,tt0102138,tt0096969,tt0091763"
617082fa2299cb9f2c27188c,nm0000232,Sharon Stone,1958,\N,"actress,producer,soundtrack","tt0114214,tt0112641,tt0108162,tt0103772"
617082fa2299cb9f2c27188d,nm0000233,Quentin Tarantino,1963,\N,"writer,actor,producer","tt0110912,tt0116367,tt7131622,tt0105236"
617082fa2299cb9f2c27188e,nm0000234,Charlize Theron,1975,\N,"producer,actress,soundtrack","tt1392190,tt1735898,tt5610554,tt0340855"
617082fa2299cb9f2c27188f,nm0000210,Julia Roberts,1967,\N,"actress,producer,soundtrack","tt0119738,tt0195685,tt0100405,tt1322269"
617082fa2299cb9f2c271890,nm0000211,Mimi Rogers,1956,\N,"actress,producer,soundtrack","tt0118655,tt0120738,tt0210070,tt0488085"
617082fa2299cb9f2c271891,nm0000212,Meg Ryan,1961,\N,"actress,producer,director","tt0108160,tt0098635,tt0128853,tt0120632"
617082fa2299cb9f2c271892,nm0000213,Winona Ryder,1971,\N,"actress,producer,soundtrack","tt0110367,tt0172493,tt0100140,tt0099487"
617082fa2299cb9f2c271893,nm0000214,Mia Sara,1967,\N,"actress,soundtrack","tt0312098,tt0089469,tt0091042,tt0111438"
617082fa2299cb9f2c271894,nm0000215,Susan Sarandon,1946,\N,"actress,producer,soundtrack","tt0103074,tt0109446,tt0112818,tt0120686"
617082fa2299cb9f2c271895,nm0000216,Arnold Schwarzenegger,1947,\N,"actor,producer,director","tt0088247,tt0216216,tt0107362,tt0103064"
617082fa2299cb9f2c271896,nm0000235,Uma Thurman,1970,\N,"actress,producer,soundtrack","tt0378194,tt0110912,tt0118688,tt0266697"
617082fa2299cb9f2c271897,nm0000236,Jennifer Tilly,1958,\N,"actress,soundtrack,writer","tt0144120,tt0115736,tt0109348,tt0387575"
617082fa2299cb9f2c271898,nm0000237,John Travolta,1954,\N,"actor,soundtrack,producer","tt0110912,tt0076666,tt0077631,tt0113161"
617082fa2299cb9f2c271899,nm0000238,Shannon Tweed,1957,\N,"actress,producer,miscellaneous","tt0112942,tt0110675,tt0094834,tt0165710"
617082fa2299cb9f2c27189a,nm0000239,Liv Tyler,1977,\N,"actress,producer,soundtrack","tt0120591,tt0482606,tt0120737,tt0167260"
617082fa2299cb9f2c27189b,nm0000240,Skeet Ulrich,1970,\N,"actor,soundtrack,director","tt0115963,tt0117571,tt0409572,tt0913354"
617082fa2299cb9f2c27189c,nm0000241,Jean-Claude Van Damme,1960,\N,"actor,writer,producer","tt0119013,tt0101764,tt0097659,tt1130988"
617082fa2299cb9f2c27189d,nm0000242,Mark Wahlberg,1971,\N,"producer,actor,soundtrack","tt0407887,tt0964517,tt0118749,tt1637725"
617082fa2299cb9f2c27189e,nm0000243,Denzel Washington,1954,\N,"actor,producer,director","tt2671706,tt1037705,tt0168786,tt0139654"
617082fa2299cb9f2c27189f,nm0000251,Timothy Dowling,1973,\N,"actor,writer,script_department","tt2120120,tt1596350,tt0430922,tt0181852"
617082fa2299cb9f2c2718a0,nm0000252,Robert Ellis,1892,1974,"actor,director,writer","tt0030778,tt0030738,tt0006213,tt0010781"
617082fa2299cb9f2c2718a1,nm0000253,Robert Ellis,1888,1935,"art_director,miscellaneous","tt0010965,tt0014083,tt0014515,tt0026454"
617082fa2299cb9f2c2718a2,nm0000254,Isabelle Adjani,1955,\N,"actress,soundtrack,producer","tt0073114,tt0079641,tt0094828,tt0082933"
617082fa2299cb9f2c2718a3,nm0000255,Ben Affleck,1972,\N,"producer,actor,writer","tt0840361,tt2267998,tt1024648,tt0119217"
617082fa2299cb9f2c2718a4,nm0000256,Jenny Agutter,1952,\N,"actress,soundtrack","tt0067959,tt0082010,tt0074812,tt0848228"
617082fa2299cb9f2c2718a5,nm0000257,Alan Alda,1936,\N,"actor,miscellaneous,soundtrack","tt0097123,tt7653254,tt0068098,tt0082405"
617082fa2299cb9f2c2718a6,nm0000258,Stephanie Zimbalist,1956,\N,"actress,writer","tt0099225,tt0080402,tt0076993,tt0083470"
617082fa2299cb9f2c2718a7,nm0000259,Ginger Lynn,1962,\N,"actress,director,writer","tt0210365,tt0134898,tt0395584,tt0087562"
617082fa2299cb9f2c2718a8,nm0000260,Joan Allen,1956,\N,"actress,soundtrack,producer","tt3170832,tt0113987,tt0452608,tt0115988"
617082fa2299cb9f2c2718a9,nm0000261,Karen Allen,1951,\N,"actress,soundtrack,director","tt0077975,tt0088172,tt0367882,tt0082971"
617082fa2299cb9f2c2718aa,nm0000262,Nancy Allen,1950,\N,"actress,soundtrack","tt0093870,tt0080661,tt0107978,tt0100502"
617082fa2299cb9f2c2718ab,nm0000263,Kirstie Alley,1951,2022,"actress,producer,writer","tt0097778,tt0157503,tt0084726,tt0114852"
617082fa2299cb9f2c2718ac,nm0000264,Pedro Almodóvar,1949,\N,"writer,director,soundtrack","tt0095675,tt0101026,tt1189073,tt0287467"
617082fa2299cb9f2c2718ad,nm0000265,Robert Altman,1925,2006,"director,producer,writer","tt0105151,tt0280707,tt0108122,tt0073440"
617082fa2299cb9f2c2718ae,nm0000266,Ursula Andress,1936,\N,"actress,soundtrack","tt0060177,tt0055928,tt0061452,tt0082186"
617082fa2299cb9f2c2718af,nm0000267,Julie Andrews,1935,\N,"actress,soundtrack,writer","tt0247638,tt0084865,tt0058331,tt0059742"
617082fa2299cb9f2c2718b0,nm0000268,Ann-Margret,1941,\N,"actress,soundtrack","tt0066892,tt0060646,tt0056891,tt0107050"
617082fa2299cb9f2c2718b1,nm0000244,Sigourney Weaver,1949,\N,"actress,producer,soundtrack","tt0118583,tt0499549,tt0078748,tt0095243"
617082fa2299cb9f2c2718b2,nm0000245,Robin Williams,1951,2014,"actor,soundtrack,writer","tt0107614,tt0115685,tt0093105,tt0265459"
617082fa2299cb9f2c2718b3,nm0000246,Bruce Willis,1955,\N,"actor,producer,soundtrack","tt0110912,tt0167404,tt0088571,tt0095016"
617082fa2299cb9f2c2718b4,nm0000247,John Woo,1946,\N,"director,producer,writer","tt0104684,tt0425637,tt0092263,tt0119094"
617082fa2299cb9f2c2718b5,nm0000248,Edward D. Wood Jr.,1924,1978,"writer,director,actor","tt0052077,tt0067479,tt0045826,tt0047127"
617082fa2299cb9f2c2718b6,nm0000249,James Woods,1947,\N,"actor,producer,director","tt0120877,tt0159097,tt0086541,tt0119282"
617082fa2299cb9f2c2718b7,nm0000250,Renée Zellweger,1969,\N,"actress,producer,soundtrack","tt0116695,tt0159365,tt0243155,tt0299658"
617082fa2299cb9f2c2718b8,nm0000269,Jean-Jacques Annaud,1943,\N,"director,producer,writer","tt0215750,tt0120102,tt0091605,tt2909116"
617082fa2299cb9f2c2718b9,nm0000270,Gabrielle Anwar,1970,\N,"actress,producer,soundtrack","tt0105323,tt0108333,tt0114660,tt0810788"
617082fa2299cb9f2c2718ba,nm0000271,Anne Archer,1947,\N,"actress,producer,soundtrack","tt0105112,tt0108122,tt0160009,tt0093010"
617082fa2299cb9f2c2718bb,nm0000272,Fanny Ardant,1949,\N,"actress,director,writer","tt0086551,tt0348853,tt0283832,tt0127536"
617082fa2299cb9f2c2718bc,nm0000273,Alan Arkin,1934,2023,"actor,soundtrack,director","tt1024648,tt0099487,tt0449059,tt0104348"
617082fa2299cb9f2c2718bd,nm0000274,David Arquette,1971,\N,"producer,actor,director","tt0134084,tt0151738,tt0271367,tt0120082"
617082fa2299cb9f2c2718be,nm0000275,Rosanna Arquette,1959,\N,"actress,producer,director","tt0088680,tt0089017,tt0110912,tt0190138"
617082fa2299cb9f2c2718bf,nm0000276,Sean Astin,1971,\N,"actor,producer,director","tt0089218,tt0120737,tt0167260,tt0167261"
617082fa2299cb9f2c2718c0,nm0000277,Richard Attenborough,1923,2014,"actor,producer,director","tt0057115,tt0119567,tt0107290,tt0083987"
617082fa2299cb9f2c2718c1,nm0000285,Alec Baldwin,1958,\N,"actor,producer,soundtrack","tt1230414,tt0104348,tt0318374,tt0407887"
617082fa2299cb9f2c2718c2,nm0000286,Stephen Baldwin,1966,\N,"actor,producer,director","tt0114814,tt0115683,tt0158622,tt0486583"
617082fa2299cb9f2c2718c3,nm0000287,William Baldwin,1963,\N,"actor,producer,stunts","tt0367089,tt0101393,tt0108162,tt0113010"
617082fa2299cb9f2c2718c4,nm0000288,Christian Bale,1974,\N,"actor,producer,soundtrack","tt0372784,tt0468569,tt0144084,tt1800241"
617082fa2299cb9f2c2718c5,nm0000289,Ellen Barkin,1954,\N,"actress,producer","tt0086856,tt0157503,tt0116277,tt0108330"
617082fa2299cb9f2c2718c6,nm0000290,John Barry,1933,2011,"music_department,soundtrack,composer","tt0099348,tt0093428,tt0089755,tt0081534"
617082fa2299cb9f2c2718c7,nm0000291,Angela Bassett,1958,\N,"actress,producer,director","tt0118884,tt9114286,tt1825683,tt0114558"
617082fa2299cb9f2c2718c8,nm0000292,Michelle Bauer,1958,\N,"actress,miscellaneous,costume_department","tt0098652,tt0094734,tt0094998,tt0103213"
617082fa2299cb9f2c2718c9,nm0000293,Sean Bean,1959,\N,"actor,producer,animation_department","tt0167261,tt1181791,tt0120737,tt0944947"
617082fa2299cb9f2c2718ca,nm0000294,Amanda Bearse,1958,\N,"actress,director,producer","tt0247121,tt9731598,tt0089175,tt0092400"
617082fa2299cb9f2c2718cb,nm0000295,Kate Beckinsale,1973,\N,"actress,producer,soundtrack","tt3068194,tt0320691,tt0338526,tt0401855"
617082fa2299cb9f2c2718cc,nm0000296,Robert Beltran,1953,\N,"actor,soundtrack","tt0112178,tt0101516,tt0087799,tt0113987"
617082fa2299cb9f2c2718cd,nm0000297,Tom Berenger,1949,\N,"actor,producer,writer","tt0085244,tt1375666,tt0091763,tt0097815"
617082fa2299cb9f2c2718ce,nm0000298,Candice Bergen,1946,\N,"actress,producer,soundtrack","tt0094514,tt0212346,tt0901476,tt0256415"
617082fa2299cb9f2c2718cf,nm0000299,Michael Biehn,1956,\N,"actor,producer,director","tt0090605,tt0088247,tt0117500,tt0096754"
617082fa2299cb9f2c2718d0,nm0000300,Juliette Binoche,1964,\N,"actress,art_department,miscellaneous","tt1219827,tt1020773,tt2452254,tt0116209"
617082fa2299cb9f2c2718d1,nm0000301,Thora Birch,1982,\N,"actress,producer,director","tt0105112,tt0107120,tt0169547,tt0162346"
617082fa2299cb9f2c2718d2,nm0000302,Jacqueline Bisset,1944,\N,"actress,soundtrack,producer","tt0071877,tt0088322,tt0421054,tt0062765"
617082fa2299cb9f2c2718d3,nm0000278,Pernilla August,1958,\N,"actress,director,writer","tt0104350,tt0115164,tt0120915,tt0121765"
617082fa2299cb9f2c2718d4,nm0000279,Hank Azaria,1964,\N,"actor,soundtrack,producer","tt0115685,tt1839481,tt0096697,tt0132347"
617082fa2299cb9f2c2718d5,nm0000280,Catherine Bach,1954,\N,"actress,soundtrack","tt0072288,tt0119025,tt0078607,tt1414382"
617082fa2299cb9f2c2718d6,nm0000281,Scott Baio,1960,\N,"actor,director,producer","tt0070992,tt0281680,tt0270846,tt0367279"
617082fa2299cb9f2c2718d7,nm0000282,Scott Bairstow,1970,\N,actor,"tt0182587,tt0119925,tt0120512,tt0283084"
617082fa2299cb9f2c2718d8,nm0000283,Brenda Bakke,1963,\N,actress,"tt0119488,tt0114781,tt0107144,tt0114608"
617082fa2299cb9f2c2718d9,nm0000284,Adam Baldwin,1962,\N,"actor,soundtrack","tt0379786,tt0093058,tt0116629,tt0187393"
617082fa2299cb9f2c2718da,nm0000304,Linda Blair,1959,\N,"actress,soundtrack,producer","tt0089964,tt0088044,tt0076009,tt0070047"
617082fa2299cb9f2c2718db,nm0000305,Mel Blanc,1908,1989,"actor,soundtrack,music_department","tt0077278,tt0078915,tt0094939,tt0096438"
617082fa2299cb9f2c2718dc,nm0000306,Brian Blessed,1936,\N,"actor,soundtrack,director","tt0120855,tt0120915,tt0080745,tt0107616"
617082fa2299cb9f2c2718dd,nm0000307,Helena Bonham Carter,1966,\N,"actress,soundtrack,director","tt0137523,tt0408236,tt1504320,tt1707386"
617082fa2299cb9f2c2718de,nm0000308,Ernest Borgnine,1917,2012,"actor,soundtrack,producer","tt0069113,tt0048356,tt0086662,tt0082340"
617082fa2299cb9f2c2718df,nm0000309,David Bowie,1947,2016,"music_artist,soundtrack,actor","tt0091369,tt0074851,tt0196229,tt0482571"
617082fa2299cb9f2c2718e0,nm0000303,Honor Blackman,1925,2020,"actress,soundtrack","tt0243155,tt0058150,tt0054518,tt0057197"
617082fa2299cb9f2c2718e1,nm0000311,Annie Rosar,1888,1963,"actress,soundtrack","tt0052996,tt0034396,tt0041552,tt0034800"
617082fa2299cb9f2c2718e2,nm0000310,Bruce Boxleitner,1950,\N,"actor,soundtrack,producer","tt0871427,tt0084827,tt0105946,tt1104001"
617082fa2299cb9f2c2718e3,nm0000319,Yancy Butler,1970,\N,"actress,producer","tt0274298,tt1250777,tt1650554,tt0107076"
617082fa2299cb9f2c2718e4,nm0000320,Luis Buñuel,1900,1983,"writer,director,actor","tt0055601,tt0056732,tt0061395,tt0068361"
617082fa2299cb9f2c2718e5,nm0000321,Gabriel Byrne,1950,\N,"actor,producer,writer","tt7784604,tt0146675,tt0145531,tt0114814"
617082fa2299cb9f2c2718e6,nm0000322,Emmanuelle Béart,1963,\N,"actress,soundtrack","tt0283832,tt0109731,tt0113947,tt0117060"
617082fa2299cb9f2c2718e7,nm0000323,Michael Caine,1933,\N,"actor,producer,soundtrack","tt0468569,tt0258068,tt0482571,tt0124315"
617082fa2299cb9f2c2718e8,nm0000324,Barbara Carrera,1945,\N,"actress,soundtrack","tt0086006,tt0084112,tt0085862,tt0076210"
617082fa2299cb9f2c2718e9,nm0000325,David Caruso,1956,\N,"actor,producer","tt0228750,tt0099939,tt0261983,tt0083944"
617082fa2299cb9f2c2718ea,nm0000326,Kim Cattrall,1956,\N,"actress,producer,soundtrack","tt0102975,tt1261945,tt1000774,tt0159206"
617082fa2299cb9f2c2718eb,nm0000327,Lacey Chabert,1982,\N,"actress,producer,soundtrack","tt0454082,tt0277371,tt0120738,tt0377092"
617082fa2299cb9f2c2718ec,nm0000328,Richard Chamberlain,1934,\N,"actor,soundtrack,producer","tt0072308,tt0076299,tt0085101,tt0073012"
617082fa2299cb9f2c2718ed,nm0000315,Louise Brooks,1906,1985,"actress,soundtrack","tt0021917,tt0017382,tt0021273,tt0018737"
617082fa2299cb9f2c2718ee,nm0000312,Amy Brenneman,1964,\N,"actress,producer,writer","tt0116040,tt0113277,tt0209069,tt0116287"
617082fa2299cb9f2c2718ef,nm0000313,Jeff Bridges,1949,\N,"actor,soundtrack,producer","tt0088172,tt1403865,tt0118715,tt1263670"
617082fa2299cb9f2c2718f0,nm0000317,Clancy Brown,1959,\N,"actor,soundtrack,producer","tt0111161,tt2279373,tt1179056,tt0120201"
617082fa2299cb9f2c2718f1,nm0000314,Charles Bronson,1921,2003,actor,"tt0071402,tt0064116,tt0057115,tt0054047"
617082fa2299cb9f2c2718f2,nm0000316,Mel Brooks,1926,\N,"actor,writer,soundtrack","tt0071230,tt0395251,tt0082517,tt0094012"
617082fa2299cb9f2c2718f3,nm0000329,Jackie Chan,1954,\N,"producer,actor,stunts","tt0266915,tt0120812,tt0089374,tt0127357"
617082fa2299cb9f2c2718f4,nm0000330,Stockard Channing,1944,\N,"actress,soundtrack","tt0198021,tt0108149,tt0077631,tt0120791"
617082fa2299cb9f2c2718f5,nm0000331,Chevy Chase,1943,\N,"actor,writer,soundtrack","tt0085995,tt0104850,tt0092086,tt0080487"
617082fa2299cb9f2c2718f6,nm0000318,Tim Burton,1958,\N,"producer,miscellaneous,director","tt0099487,tt0408236,tt0121164,tt1142977"
617082fa2299cb9f2c2718f7,nm0000332,Don Cheadle,1964,\N,"actor,producer,soundtrack","tt0790770,tt1540133,tt0395169,tt0375679"
617082fa2299cb9f2c2718f8,nm0000333,Cher,1946,\N,"music_artist,soundtrack,actress","tt0100140,tt0093565,tt1126591,tt0089560"
617082fa2299cb9f2c2718f9,nm0000334,Chow Yun-Fat,1955,\N,"actor,writer,soundtrack","tt0190332,tt1098327,tt0473444,tt0120008"
617082fa2299cb9f2c2718fa,nm0000336,James Coburn,1928,2002,"actor,producer,director","tt0118564,tt0057115,tt0056923,tt0054047"
617082fa2299cb9f2c2718fb,nm0000335,Glenn Close,1947,\N,"actress,soundtrack,producer","tt0093010,tt3750872,tt2015381,tt0094947"
617082fa2299cb9f2c2718fc,nm0000337,Rachael Leigh Cook,1979,\N,"actress,producer,writer","tt0331811,tt11100856,tt5659816,tt0160862"
617082fa2299cb9f2c2718fd,nm0000343,David Cronenberg,1943,\N,"actor,director,writer","tt0091064,tt0094964,tt0115964,tt0120907"
617082fa2299cb9f2c2718fe,nm0000346,Macaulay Culkin,1980,\N,"actor,producer,director","tt0102492,tt0099785,tt0104431,tt0107034"
617082fa2299cb9f2c2718ff,nm0000347,Tim Curry,1946,\N,"actor,soundtrack,producer","tt0117110,tt0073629,tt0088930,tt0112715"
617082fa2299cb9f2c271900,nm0000345,Billy Crystal,1948,\N,"actor,writer,producer","tt0098635,tt0113097,tt0122933,tt0101587"
617082fa2299cb9f2c271901,nm0000348,Tony Curtis,1925,2010,"actor,producer,soundtrack","tt0051036,tt0053291,tt0066701,tt0054331"
617082fa2299cb9f2c271902,nm0000344,Denise Crosby,\N,\N,"actress,producer","tt0098084,tt0104119,tt0120647,tt0097889"
617082fa2299cb9f2c271903,nm0000350,Beverly D'Angelo,1951,\N,"actress,soundtrack,producer","tt0085995,tt0120434,tt0120586,tt0097958"
617082fa2299cb9f2c271904,nm0000349,Joan Cusack,1962,\N,"actress,soundtrack,writer","tt0096463,tt1659337,tt0119360,tt0119229"
617082fa2299cb9f2c271905,nm0000351,Donna D'Errico,1968,\N,"actress,director,producer","tt4270458,tt4459134,tt12861508,tt7235466"
617082fa2299cb9f2c271906,nm0000353,Willem Dafoe,1955,\N,"actor,soundtrack,producer","tt6938828,tt7984734,tt0145487,tt5649144"
617082fa2299cb9f2c271907,nm0000338,Francis Ford Coppola,1939,\N,"producer,director,writer","tt0071562,tt0078788,tt0071360,tt0068646"
617082fa2299cb9f2c271908,nm0000352,Vincent D'Onofrio,1959,\N,"actor,producer,soundtrack","tt0119654,tt0209958,tt0093058,tt0109707"
617082fa2299cb9f2c271909,nm0000342,James Cromwell,1940,\N,"actor,producer,soundtrack","tt0144214,tt0117731,tt0119488,tt0120689"
617082fa2299cb9f2c27190a,nm0000354,Matt Damon,1970,\N,"producer,actor,soundtrack","tt0119217,tt0407887,tt3659388,tt0134119"
617082fa2299cb9f2c27190b,nm0000340,Cindy Crawford,1966,\N,"actress,soundtrack,producer","tt0113010,tt0120577,tt0186549,tt1441109"
617082fa2299cb9f2c27190c,nm0000339,Roger Corman,1926,\N,"producer,director,actor","tt0102926,tt0112384,tt0099612,tt0091419"
617082fa2299cb9f2c27190d,nm0000356,Sybil Danning,\N,\N,"actress,producer,writer","tt0085672,tt0373883,tt0080421,tt0072281"
617082fa2299cb9f2c27190e,nm0000357,Lolita Davidovich,1961,\N,actress,"tt0096943,tt0329717,tt0092513,tt0110146"
617082fa2299cb9f2c27190f,nm0000355,Anthony Daniels,1946,\N,"actor,producer,writer","tt2527336,tt2488496,tt0076759,tt0080684"
617082fa2299cb9f2c271910,nm0000359,Olivier De Funès,1949,\N,"actor,writer,soundtrack","tt0065848,tt0060475,tt0064425,tt0250077"
617082fa2299cb9f2c271911,nm0000358,Daniel Day-Lewis,1957,\N,"actor,music_department,soundtrack","tt0443272,tt0469494,tt0104691,tt0217505"
617082fa2299cb9f2c271912,nm0000360,Rebecca De Mornay,1959,\N,"actress,soundtrack,producer","tt0396269,tt0104389,tt0089941,tt0086200"
617082fa2299cb9f2c271913,nm0000341,Michael Crichton,1942,2008,"writer,producer,director","tt0117998,tt0108757,tt0107290,tt0070909"
617082fa2299cb9f2c271914,nm0000361,Brian De Palma,1940,\N,"director,writer,producer","tt0120832,tt0080661,tt0086984,tt0094226"
617082fa2299cb9f2c271915,nm0000362,Danny DeVito,1944,\N,"actor,producer,director","tt0098621,tt0117008,tt0103776,tt0119488"
617082fa2299cb9f2c271916,nm0000363,Loren Dean,1969,\N,"actor,soundtrack","tt7959026,tt2935510,tt0112384,tt0119177"
617082fa2299cb9f2c271917,nm0000364,Sandra Dee,1942,2005,"actress,soundtrack","tt0054759,tt0056093,tt0052847,tt0052918"
617082fa2299cb9f2c271918,nm0000365,Julie Delpy,1969,\N,"actress,writer,producer","tt0111507,tt0112471,tt0841044,tt0381681"
617082fa2299cb9f2c271919,nm0000366,Catherine Deneuve,1943,\N,"actress,soundtrack,producer","tt0061395,tt0283832,tt0168629,tt0059646"
617082fa2299cb9f2c27191a,nm0000367,Gérard Depardieu,1948,\N,"actor,producer,soundtrack","tt0099334,tt0099699,tt0103594,tt0120744"
617082fa2299cb9f2c27191b,nm0000368,Laura Dern,1967,\N,"actress,producer,writer","tt7653254,tt2305051,tt0107290,tt0090756"
617082fa2299cb9f2c27191c,nm0000369,Matt Dillon,1964,\N,"actor,director,producer","tt4003440,tt0097240,tt0129387,tt0375679"
617082fa2299cb9f2c27191d,nm0000372,Amanda Donohoe,1962,\N,"actress,producer","tt0110428,tt0095488,tt0119528,tt0090466"
617082fa2299cb9f2c27191e,nm0000378,Minnie Driver,1970,\N,"actress,soundtrack,producer","tt5592146,tt0112679,tt0119217,tt0496343"
617082fa2299cb9f2c27191f,nm0000377,Richard Dreyfuss,1947,\N,"actor,producer,soundtrack","tt0075860,tt0076095,tt0113862,tt0073195"
617082fa2299cb9f2c271920,nm0000379,Kirsten Dunst,1982,\N,"actress,producer,soundtrack","tt1527186,tt0110367,tt0145487,tt0110148"
617082fa2299cb9f2c271921,nm0000380,Robert Duvall,1931,\N,"actor,producer,soundtrack","tt1872194,tt0086423,tt0118632,tt0316356"
617082fa2299cb9f2c271922,nm0000381,Anthony Edwards,1962,\N,"actor,producer,director","tt0088000,tt0092099,tt0108757,tt0443706"
617082fa2299cb9f2c271923,nm0000382,Atom Egoyan,1960,\N,"director,writer,producer","tt0120255,tt0273435,tt1352824,tt2326612"
617082fa2299cb9f2c271924,nm0000384,Danny Elfman,1953,\N,"music_department,soundtrack,composer","tt0121164,tt0119654,tt0107688,tt0367594"
617082fa2299cb9f2c271925,nm0000385,Sam Elliott,1944,\N,"actor,producer,soundtrack","tt0098206,tt0286716,tt1517451,tt5655222"
617082fa2299cb9f2c271926,nm0000386,Roland Emmerich,1955,\N,"writer,producer,director","tt0319262,tt0120685,tt1628841,tt0116629"
617082fa2299cb9f2c271927,nm0000383,Jennifer Ehle,1969,\N,actress,"tt0112130,tt1790885,tt2392830,tt4919484"
617082fa2299cb9f2c271928,nm0000373,Michael Dorn,1952,\N,"actor,director,soundtrack","tt0102975,tt0117731,tt0120844,tt0111280"
617082fa2299cb9f2c271929,nm0000388,R. Lee Ermey,1944,2018,"actor,miscellaneous,producer","tt0114369,tt0324216,tt0095647,tt0093058"
617082fa2299cb9f2c27192a,nm0000389,Emilio Estevez,1962,\N,"actor,director,producer","tt0308055,tt3294746,tt0100994,tt1441912"
617082fa2299cb9f2c27192b,nm0000390,Joe Eszterhas,1944,\N,"writer,producer,miscellaneous","tt0118577,tt0114436,tt0108162,tt0103772"
617082fa2299cb9f2c27192c,nm0000392,Morgan Fairchild,1950,\N,"actress,soundtrack,producer","tt0108778,tt1754944,tt0081858,tt0084652"
617082fa2299cb9f2c27192d,nm0000393,Peter Falk,1927,2011,"actor,producer,soundtrack","tt0281322,tt0074937,tt0093779,tt1466074"
617082fa2299cb9f2c27192e,nm0000391,Rupert Everett,1959,\N,"actor,soundtrack,producer","tt2404639,tt0122541,tt0119738,tt0109592"
617082fa2299cb9f2c27192f,nm0000374,Brad Dourif,1950,\N,actor,"tt0073486,tt0167261,tt0095647,tt0099528"
617082fa2299cb9f2c271930,nm0000394,Chris Farley,1964,1997,"actor,soundtrack,stunts","tt0118708,tt0115697,tt0114694,tt0106598"
617082fa2299cb9f2c271931,nm0000375,Robert Downey Jr.,1965,\N,"actor,producer,soundtrack","tt0988045,tt1300854,tt4154796,tt0371746"
617082fa2299cb9f2c271932,nm0000370,Walt Disney,1901,1966,"producer,actor,miscellaneous","tt0034492,tt0048280,tt0029583,tt0058331"
617082fa2299cb9f2c271933,nm0000376,Fran Drescher,1957,\N,"writer,actress,producer","tt0098546,tt0106080,tt0837562,tt0118691"
617082fa2299cb9f2c271934,nm0000371,Ami Dolenz,1969,\N,"actress,producer,miscellaneous","tt0056758,tt0107949,tt0110913,tt0092718"
617082fa2299cb9f2c271935,nm0000387,Robert Englund,1947,\N,"actor,miscellaneous,soundtrack","tt0087800,tt0093629,tt0329101,tt0095742"
617082fa2299cb9f2c271936,nm0000395,Terry Farrell,1963,\N,"actress,soundtrack","tt0106145,tt0090685,tt0104409,tt0174378"
617082fa2299cb9f2c271937,nm0000396,Farrah Fawcett,1947,2009,"actress,producer,soundtrack","tt0091024,tt0082136,tt0079285,tt0074812"
617082fa2299cb9f2c271938,nm0000397,Corey Feldman,\N,\N,"actor,producer,soundtrack","tt0096734,tt0089218,tt0093437,tt0092005"
617082fa2299cb9f2c271939,nm0000399,David Fincher,1962,\N,"producer,director,writer","tt1285016,tt2267998,tt0443706,tt0114369"
617082fa2299cb9f2c27193a,nm0000400,Linda Fiorentino,1958,\N,"actress,soundtrack","tt0088680,tt0120655,tt0119654,tt0110308"
617082fa2299cb9f2c27193b,nm0000401,Laurence Fishburne,1961,\N,"actor,producer,director","tt0234215,tt0327056,tt1598778,tt0133093"
617082fa2299cb9f2c27193c,nm0000402,Carrie Fisher,1956,2016,"actress,miscellaneous,soundtrack","tt0080684,tt0086190,tt2527336,tt0076759"
617082fa2299cb9f2c27193d,nm0000403,Bridget Fonda,1964,\N,"actress,soundtrack","tt0139414,tt0107843,tt0105414,tt0120324"
617082fa2299cb9f2c27193e,nm0000404,Jane Fonda,1937,\N,"actress,producer,soundtrack","tt3312830,tt0077362,tt0062711,tt0067309"
617082fa2299cb9f2c27193f,nm0000405,Michelle Forbes,1965,\N,actress,"tt1951266,tt0107302,tt0844441,tt0116225"
617082fa2299cb9f2c271940,nm0000407,Vivica A. Fox,1964,\N,"actress,producer,director","tt1628841,tt0118688,tt0116629,tt0266697"
617082fa2299cb9f2c271941,nm0000408,Jonathan Frakes,1952,\N,"actor,director,producer","tt0120844,tt0253754,tt0111280,tt0117731"
617082fa2299cb9f2c271942,nm0000409,Brendan Fraser,1968,\N,"actor,producer,soundtrack","tt0209163,tt0120616,tt0375679,tt13833688"
617082fa2299cb9f2c271943,nm0000410,Stephen Fry,1957,\N,"actor,writer,producer","tt0120514,tt0280707,tt0371724,tt0434409"
617082fa2299cb9f2c271944,nm0000412,Andy Garcia,1956,\N,"actor,producer,soundtrack","tt0343996,tt0240772,tt0349903,tt0099674"
617082fa2299cb9f2c271945,nm0000413,Janeane Garofalo,1964,\N,"actress,writer,producer","tt0117979,tt0132347,tt0382932,tt0243655"
617082fa2299cb9f2c271946,nm0000414,Teri Garr,1947,\N,"actress,soundtrack,miscellaneous","tt0072431,tt0085970,tt0075860,tt0084805"
617082fa2299cb9f2c271947,nm0000411,Edward Furlong,1977,\N,"actor,producer,soundtrack","tt0120586,tt0103064,tt0990407,tt0165710"
617082fa2299cb9f2c271948,nm0000415,Jami Gertz,1965,\N,"actress,producer,executive","tt0093437,tt0117998,tt0320970,tt0088128"
617082fa2299cb9f2c271949,nm0000416,Terry Gilliam,1940,\N,"writer,actor,animation_department","tt0088846,tt0071853,tt1054606,tt0081633"
617082fa2299cb9f2c27194a,nm0000417,Crispin Glover,1964,\N,"actor,soundtrack,producer","tt1898069,tt0118141,tt0091860,tt0310357"
617082fa2299cb9f2c27194b,nm0000418,Danny Glover,1946,\N,"actor,producer,director","tt0097733,tt1190080,tt0122151,tt0093409"
617082fa2299cb9f2c27194c,nm0000421,Cuba Gooding Jr.,1968,\N,"actor,soundtrack,writer","tt0203019,tt0101507,tt0316465,tt0116695"
617082fa2299cb9f2c27194d,nm0000424,Hugh Grant,1960,\N,"actor,soundtrack","tt0314331,tt0276751,tt0109831,tt0125439"
617082fa2299cb9f2c27194e,nm0000425,Peter Greenaway,1942,\N,"director,writer,editor","tt1702429,tt0092929,tt0097108,tt0446750"
617082fa2299cb9f2c27194f,nm0000398,Sally Field,1946,\N,"actress,producer,soundtrack","tt0109830,tt0098384,tt0076729,tt0443272"
617082fa2299cb9f2c271950,nm0000427,Pam Grier,1949,\N,"actress,soundtrack,writer","tt0119396,tt0069897,tt0071517,tt0228333"
617082fa2299cb9f2c271951,nm0000406,John Ford,1894,1973,"director,producer,actor","tt0031971,tt0033729,tt0032551,tt0045061"
617082fa2299cb9f2c271952,nm0000429,Melanie Griffith,1957,\N,"actress,producer","tt0096463,tt0086984,tt0117107,tt0091983"
617082fa2299cb9f2c271953,nm0000428,D.W. Griffith,1875,1948,"director,writer,producer","tt0004972,tt0006864,tt0009968,tt0010484"
617082fa2299cb9f2c271954,nm0000430,Steve Guttenberg,1958,\N,"actor,producer,soundtrack","tt0087928,tt0094137,tt0098966,tt0091949"
617082fa2299cb9f2c271955,nm0000426,Jennifer Grey,1960,\N,"actress,producer,soundtrack","tt2013293,tt0087985,tt0091042,tt0092890"
617082fa2299cb9f2c271956,nm0000433,Corey Haim,1971,2010,"actor,producer,soundtrack","tt0090021,tt0091445,tt0093437,tt0095519"
617082fa2299cb9f2c271957,nm0000432,Gene Hackman,1930,\N,"actor,soundtrack,producer","tt0265666,tt0067116,tt0095647,tt0105695"
617082fa2299cb9f2c271958,nm0000431,Taylor Hackford,1944,\N,"producer,director,writer","tt0084434,tt0106469,tt0109642,tt0350258"
617082fa2299cb9f2c271959,nm0000423,Serena Grandi,1958,\N,actress,"tt0104123,tt0089598,tt0089271,tt2358891"
617082fa2299cb9f2c27195a,nm0000434,Mark Hamill,\N,\N,"actor,soundtrack,producer","tt2527336,tt0080684,tt0086190,tt0076759"
617082fa2299cb9f2c27195b,nm0000422,John Goodman,1952,\N,"actor,soundtrack,producer","tt1907668,tt0101410,tt1179933,tt1024648"
617082fa2299cb9f2c27195c,nm0000439,Neil Patrick Harris,1973,\N,"actor,producer,soundtrack","tt2267998,tt0120201,tt0460649,tt4834206"
617082fa2299cb9f2c27195d,nm0000435,Daryl Hannah,1960,\N,"actress,producer,director","tt0083658,tt0094291,tt0378194,tt0088161"
617082fa2299cb9f2c27195e,nm0000440,Nina Hartley,1959,\N,"actress,director,producer","tt0118749,tt1282224,tt0167019,tt0189990"
617082fa2299cb9f2c27195f,nm0000441,Noah Hathaway,1971,\N,"actor,miscellaneous,producer","tt0077215,tt0076984,tt0092115,tt0088323"
617082fa2299cb9f2c271960,nm0000438,Ed Harris,1950,\N,"actor,producer,director","tt0112384,tt0183659,tt0120382,tt0800308"
617082fa2299cb9f2c271961,nm0000443,Goldie Hawn,1945,\N,"actress,soundtrack,producer","tt0104070,tt0081375,tt0116313,tt0093693"
617082fa2299cb9f2c271962,nm0000444,Glenne Headly,1955,2017,actress,"tt0099422,tt0113862,tt2229499,tt0095031"
617082fa2299cb9f2c271963,nm0000420,Valeria Golino,1965,\N,"actress,director,producer","tt0107144,tt8613070,tt0095953,tt0102059"
617082fa2299cb9f2c271964,nm0000446,Mariel Hemingway,1961,\N,"actress,producer,soundtrack","tt0094074,tt0088960,tt0159730,tt0079522"
617082fa2299cb9f2c271965,nm0000442,Rutger Hauer,1944,2019,"actor,producer,director","tt0083658,tt0091209,tt1640459,tt0401792"
617082fa2299cb9f2c271966,nm0000447,Marilu Henner,1952,\N,"actress,miscellaneous,producer","tt0087507,tt0077089,tt0105017,tt0102250"
617082fa2299cb9f2c271967,nm0000436,Curtis Hanson,1945,2016,"director,producer,writer","tt0104389,tt0119488,tt0298203,tt0388125"
617082fa2299cb9f2c271968,nm0000437,Woody Harrelson,1961,\N,"actor,producer,soundtrack","tt0110632,tt2356777,tt1156398,tt0117318"
617082fa2299cb9f2c271969,nm0000445,Dan Hedaya,1940,\N,"actor,soundtrack","tt0114814,tt0112697,tt0166924,tt0088944"
617082fa2299cb9f2c27196a,nm0000449,Natasha Henstridge,1974,\N,"actress,producer,soundtrack","tt0228333,tt0120841,tt0190138,tt0114508"
617082fa2299cb9f2c27196b,nm0000448,Lance Henriksen,1940,\N,"actor,producer,miscellaneous","tt0107076,tt0370263,tt0114214,tt0090605"
617082fa2299cb9f2c27196c,nm0000456,Holly Hunter,1958,\N,"actress,producer,soundtrack","tt0092699,tt0328538,tt3606756,tt0107822"
617082fa2299cb9f2c27196d,nm0000452,Lauren Holly,1963,\N,"actress,producer,soundtrack","tt0207201,tt0106770,tt0103512,tt0109686"
617082fa2299cb9f2c27196e,nm0000457,John Hurt,1940,2017,"actor,soundtrack","tt0077928,tt0080678,tt0078748,tt0087803"
617082fa2299cb9f2c27196f,nm0000458,William Hurt,1950,2022,"actor,producer","tt0399146,tt0080360,tt0120738,tt0092699"
617082fa2299cb9f2c271970,nm0000419,Jean-Luc Godard,1930,2022,"director,writer,editor","tt0057869,tt0058898,tt0059592,tt0056663"
617082fa2299cb9f2c271971,nm0000459,Timothy Hutton,1960,\N,"actor,producer,director","tt0115639,tt0081283,tt0343737,tt1103987"
617082fa2299cb9f2c271972,nm0000460,Jeremy Irons,1948,\N,"actor,soundtrack,producer","tt0110357,tt2094766,tt0119558,tt0094964"
617082fa2299cb9f2c271973,nm0000461,Michael Ironside,1950,\N,"actor,producer,writer","tt0120201,tt0092099,tt0100802,tt0081455"
617082fa2299cb9f2c271974,nm0000463,Famke Janssen,1964,\N,"actress,writer,director","tt0185371,tt0120903,tt0376994,tt0113189"
617082fa2299cb9f2c271975,nm0000462,Kate Jackson,1948,\N,"actress,producer,director","tt0059978,tt0085088,tt0084293,tt0073972"
617082fa2299cb9f2c271976,nm0000464,Jim Jarmusch,1953,\N,"director,writer,actor","tt1714915,tt5247022,tt0088184,tt0412019"
617082fa2299cb9f2c271977,nm0000450,Philip Seymour Hoffman,1967,2014,"actor,producer,soundtrack","tt0292963,tt0472062,tt0379725,tt1560747"
617082fa2299cb9f2c271978,nm0000465,Ron Jeremy,1953,\N,"actor,director,writer","tt0165710,tt0124819,tt0144117,tt0120577"
617082fa2299cb9f2c271979,nm0000468,Lynn-Holly Johnson,1958,\N,"actress,director","tt0088395,tt0081738,tt0077716,tt0082398"
617082fa2299cb9f2c27197a,nm0000469,James Earl Jones,1931,\N,"actor,soundtrack","tt0086190,tt0097351,tt3748528,tt6105098"
617082fa2299cb9f2c27197b,nm0000470,Jeffrey Jones,1946,\N,"actor,soundtrack,miscellaneous","tt0091225,tt0086879,tt0091042,tt0109707"
617082fa2299cb9f2c27197c,nm0000471,Raul Julia,1940,1994,"actor,soundtrack","tt0101272,tt0089424,tt0100404,tt0111301"
617082fa2299cb9f2c27197d,nm0000472,Boris Karloff,1887,1969,"actor,soundtrack","tt0026138,tt0023245,tt0023194,tt0024894"
617082fa2299cb9f2c27197e,nm0000473,Diane Keaton,1946,\N,"actress,producer,director","tt0337741,tt0082979,tt0075686,tt0356680"
617082fa2299cb9f2c27197f,nm0000451,Gaby Hoffmann,1982,\N,"actress,soundtrack,director","tt0116242,tt0114011,tt0098554,tt0097351"
617082fa2299cb9f2c271980,nm0000455,John Hughes,1950,2009,"writer,producer,director","tt0093748,tt0098554,tt0090305,tt0088847"
617082fa2299cb9f2c271981,nm0000453,Ian Holm,1931,2020,"actor,soundtrack,animation_department","tt0167260,tt0088846,tt0120737,tt0382932"
617082fa2299cb9f2c271982,nm0000454,Dennis Hopper,1936,2010,"actor,director,writer","tt0064276,tt0090756,tt0111257,tt0114898"
617082fa2299cb9f2c271983,nm0000467,Don Johnson,1949,\N,"actor,producer,soundtrack","tt0086759,tt1853728,tt0072730,tt8946378"
617082fa2299cb9f2c271984,nm0000474,Michael Keaton,1951,\N,"actor,miscellaneous,producer","tt1895587,tt2562232,tt0096895,tt4276820"
617082fa2299cb9f2c271985,nm0000475,Patsy Kensit,1968,\N,"actress,soundtrack,composer","tt0097733,tt0071577,tt0090585,tt0068069"
617082fa2299cb9f2c271986,nm0000466,Jean-Pierre Jeunet,1953,\N,"director,writer,producer","tt0344510,tt0101700,tt0211915,tt1149361"
617082fa2299cb9f2c271987,nm0000477,Mia Kirshner,1975,\N,actress,"tt0285331,tt0387877,tt0115986,tt0277371"
617082fa2299cb9f2c271988,nm0000476,Sally Kirkland,1941,\N,"actress,producer,miscellaneous","tt0102138,tt0092569,tt0070735,tt3216866"
617082fa2299cb9f2c271989,nm0000478,Tawny Kitaen,1961,2021,"actress,producer","tt2797190,tt0090327,tt0086927,tt0087903"
617082fa2299cb9f2c27198a,nm0000479,Walter Koenig,1936,\N,"actor,writer,producer","tt0092007,tt0102975,tt0060028,tt0084726"
617082fa2299cb9f2c27198b,nm0000480,Elias Koteas,1961,\N,"actor,producer","tt0115964,tt0120863,tt0100758,tt0822854"
617082fa2299cb9f2c27198c,nm0000481,Alice Krige,1954,\N,"actress,producer,writer","tt0105428,tt9086228,tt0384537,tt0117731"
617082fa2299cb9f2c27198d,nm0000482,Sylvia Kristel,1952,2012,"actress,soundtrack,director","tt0078740,tt0081249,tt0071464,tt0077497"
617082fa2299cb9f2c27198e,nm0000484,John Landis,1950,\N,"producer,director,actor","tt0067716,tt0086491,tt0118747,tt0080455"
617082fa2299cb9f2c27198f,nm0000485,Fritz Lang,1890,1976,"writer,director,producer","tt0057345,tt0038057,tt0022100,tt0017136"
617082fa2299cb9f2c271990,nm0000483,Christopher Lambert,1957,\N,"actor,producer,writer","tt0106950,tt0120604,tt0091203,tt0113855"
617082fa2299cb9f2c271991,nm0000487,Ang Lee,1954,\N,"director,producer,writer","tt0190332,tt0107156,tt0808357,tt0454876"
617082fa2299cb9f2c271992,nm0000486,Heather Langenkamp,1964,\N,"actress,special_effects,make_up_department","tt13444912,tt0087800,tt0094490,tt0111686"
617082fa2299cb9f2c271993,nm0000488,Brandon Lee,1965,1993,"actor,miscellaneous","tt0109506,tt0105219,tt0102915,tt0099978"
617082fa2299cb9f2c271994,nm0000490,Spike Lee,1957,\N,"director,producer,writer","tt0102175,tt0104797,tt0091939,tt0097216"
617082fa2299cb9f2c271995,nm0000491,John Leguizamo,1960,\N,"actor,producer,writer","tt0120177,tt0117509,tt0203009,tt0162677"
617082fa2299cb9f2c271996,nm0000492,Jennifer Jason Leigh,1962,\N,"actress,producer,soundtrack","tt0108122,tt0105414,tt3460252,tt0109642"
617082fa2299cb9f2c271997,nm0000493,Jack Lemmon,1925,2001,"actor,soundtrack,producer","tt0053604,tt0053291,tt0104348,tt0078966"
617082fa2299cb9f2c271998,nm0000495,Téa Leoni,1966,\N,"actress,producer,soundtrack","tt0218967,tt0163025,tt0112442,tt0120647"
617082fa2299cb9f2c271999,nm0000494,Robert Sean Leonard,1969,\N,"actor,soundtrack","tt0412142,tt0107616,tt0097165,tt0106226"
617082fa2299cb9f2c27199a,nm0000496,Juliette Lewis,1973,\N,"actress,soundtrack,director","tt0116367,tt0110632,tt0101540,tt1322269"
617082fa2299cb9f2c27199b,nm0000497,Jennifer Lien,1974,\N,"actress,producer,script_department","tt0112178,tt0133189,tt0120586,tt0106100"
617082fa2299cb9f2c27199c,nm0000498,Matthew Lillard,1970,\N,"actor,producer,soundtrack","tt0331632,tt0267913,tt0133189,tt1033575"
617082fa2299cb9f2c27199d,nm0000499,Bai Ling,\N,\N,"actress,producer,writer","tt1121931,tt0109506,tt0119994,tt0405336"
617082fa2299cb9f2c27199e,nm0000500,Richard Linklater,1960,\N,"producer,director,writer","tt0243017,tt1065073,tt0405296,tt2209418"
617082fa2299cb9f2c27199f,nm0000502,Christopher Lloyd,1938,\N,"actor,soundtrack,producer","tt0106220,tt0088763,tt0101272,tt0096438"
